Timestamp,Transaction Type,Asset,Quantity Transacted,USD Spot Price at Transaction,USD Subtotal,USD Total (inclusive of fees),USD Fees,Notes
2017-08-26T15:52:11Z,Buy,BTC,0.05,4321.20,216.06,224.68,8.62,Bought 0.0500 BTC for $224.68 USD
2017-08-26T15:57:54Z,Buy,BTC,0.002326,4299.87,10.00,10.00,0.00,Bought 0.002326 BTC for $10.00 USD
2017-12-01T17:41:49Z,Sell,BTC,0.03834144,10432.58,400.00,394.04,5.96,Sold 0.03834144 BTC for $394.04 USD
2017-12-01T21:19:28Z,Send,BTC,0.01398456,10751.14,"","","",Sent 0.01398456 BTC to 17yaCjpzfe2ezjZWKFL1ajVX7UR27oomCu
2017-12-23T18:38:29Z,Buy,BTC,0.00313005,15657.90,49.01,51.00,1.99,Bought 0.00313005 BTC for $51.00 USD
2018-01-03T14:52:16Z,Buy,BTC,0.00644544,15050.95,97.01,100.00,2.99,Bought 0.00644544 BTC for $100.00 USD
2018-01-11T17:28:27Z,Send,BTC,0.00363162,13733.61,"","","",Sent 0.00363162 BTC to 17yaCjpzfe2ezjZWKFL1ajVX7UR27oomCu
2018-01-17T05:45:55Z,Buy,BTC,0.00873751,11102.71,97.01,100.00,2.99,Bought 0.00873751 BTC for $100.00 USD
2018-12-04T00:31:10Z,Send,BTC,0.00855663,3861.41,"","","",Sent 0.00855663 BTC to 17yaCjpzfe2ezjZWKFL1ajVX7UR27oomCu
2019-07-09T19:32:17Z,Send,BTC,0.00795013,12588.42,"","","",Sent 0.00795013 BTC to 17yaCjpzfe2ezjZWKFL1ajVX7UR27oomCu
2019-10-14T18:43:55Z,Send,BTC,0.01197604,8345.17,"","","",Sent 0.01197604 BTC to 17yaCjpzfe2ezjZWKFL1ajVX7UR27oomCu
2017-11-04T13:02:50Z,Buy,ETH,0.31499076,305.28,96.16,100.00,3.84,Bought 0.31499076 ETH for $100.00 USD
2017-12-01T17:42:09Z,Buy,ETH,0.85518176,454.01,388.26,394.04,5.78,Bought 0.85518176 ETH for $394.04 USD
##################################
#Found these combined into one bittrex
2017-12-01T22:48:07Z,Send,ETH,0.011073,464.00,"","","",Sent 0.011073 ETH to 0xd7b98a267002bef730006c51394d24b1c1c27346
2017-12-01T23:16:21Z,Send,ETH,1.15909952,461.16,"","","",Sent 1.15909952 ETH to 0xd7b98a267002bef730006c51394d24b1c1c27346
#0xd7b98a267002bef730006c51394d24b1c1c27346
#found in bittrex
2017-12-14T00:31:09Z,Send,ETH,0.08901259,709.70,"","","",Sent 0.08901259 ETH to 0xd7b98a267002bef730006c51394d24b1c1c27346
#
#found in bittrex
2017-12-26T13:50:10Z,Send,ETH,0.027141,748.99,"","","",Sent 0.027141 ETH to 0xd7b98a267002bef730006c51394d24b1c1c27346
2017-12-27T01:02:26Z,Send,ETH,0.237441,759.50,"","","",Sent 0.237441 ETH to 0xd7b98a267002bef730006c51394d24b1c1c27346
2017-12-27T14:26:37Z,Send,ETH,0.15109656,755.42,"","","",Sent 0.15109656 ETH to 0xd7b98a267002bef730006c51394d24b1c1c27346
#
2018-01-11T17:27:41Z,Send,ETH,0.04096174,1217.00,"","","",Sent 0.04096174 ETH to 0xd7b98a267002bef730006c51394d24b1c1c27346
##################################
2017-12-11T13:19:14Z,Buy,ETH,0.41567856,473.95,197.01,200.00,2.99,Bought 0.41567856 ETH for $200.00 USD
2018-02-19T18:29:26Z,Buy,ETH,0.05175667,946.93,49.01,51.00,1.99,Bought 0.05175667 ETH for $51.00 USD
2018-02-19T23:21:08Z,Send,ETH,0.0324798,935.76,"","","",Sent 0.0324798 ETH to 0xeA059a84c2aadb164414aC01BcB82c191B86F581
2018-02-20T02:02:17Z,Send,ETH,0.01927687,947.03,"","","",Sent 0.01927687 ETH to 0xeA059a84c2aadb164414aC01BcB82c191B86F581
2018-02-20T03:10:21Z,Buy,ETH,0.0516881,948.19,49.01,51.00,1.99,Bought 0.0516881 ETH for $51.00 USD
2018-02-20T03:11:10Z,Send,ETH,0.0426498,942.98,"","","",Sent 0.0426498 ETH to 0xA54765f047E5527fEA32BDb9D076fCA8012a7799
2017-11-04T13:03:02Z,Buy,LTC,1.71595395,56.04,96.16,100.00,3.84,Bought 1.71595395 LTC for $100.00 USD
2017-12-02T01:11:28Z,Send,LTC,1.71595395,100.57,"","","",Sent 1.71595395 LTC to LdKKWoyFfMnfV44M6LjVDVJgQmXE8FrokW
2017-12-14T00:32:23Z,Send,LTC,0.15947526,310.91,"","","",Sent 0.15947526 LTC to LdKKWoyFfMnfV44M6LjVDVJgQmXE8FrokW
2019-06-10T14:42:01Z,Coinbase Earn,BAT,3.0121979,0.330000,0.990000,0.990000,0.00,Received 3.0121979 BAT from Coinbase Earn
2019-06-10T14:43:41Z,Coinbase Earn,BAT,3.0119484,0.330000,0.990000,0.990000,0.00,Received 3.0119484 BAT from Coinbase Earn
2019-06-10T14:45:55Z,Coinbase Earn,BAT,3.01249281,0.330000,0.990000,0.990000,0.00,Received 3.01249281 BAT from Coinbase Earn
2019-06-12T16:36:55Z,Coinbase Earn,BAT,20.81248988,0.340000,7.08,7.08,0.00,Received 20.81248988 BAT from Coinbase Earn
2019-06-17T12:26:53Z,Coinbase Earn,DAI,2.00198798,1.00,2.00,2.00,0.00,Received 2.00198798 DAI from Coinbase Earn
2019-06-17T13:53:30Z,Coinbase Earn,DAI,2.002001,1.00,2.00,2.00,0.00,Received 2.002001 DAI from Coinbase Earn
2019-06-17T13:55:56Z,Coinbase Earn,DAI,2.002,1.00,2.00,2.00,0.00,Received 2.0020 DAI from Coinbase Earn
#2020
2020-03-12T13:01:51Z,Send,BTC,0.004,6062.87,"","","",Sent 0.0040 BTC to 17yaCjpzfe2ezjZWKFL1ajVX7UR27oomCu
2020-12-12T17:31:45Z,Receive,ETH,0.00903226,552.28,"","","",Received 0.00903226 ETH from an external account
2020-12-12T14:48:27Z,Coinbase Earn,MKR,0.003944,508.25,2.00,2.00,0.00,Received 0.003944 MKR from Coinbase Earn
2020-12-12T14:48:59Z,Coinbase Earn,MKR,0.00394235,508.25,2.00,2.00,0.00,Received 0.00394235 MKR from Coinbase Earn
2020-12-12T14:51:25Z,Coinbase Earn,MKR,0.00394513,508.25,2.01,2.01,0.00,Received 0.00394513 MKR from Coinbase Earn
2020-08-03T19:16:49Z,Rewards Income,DAI,0.00032585,1.01,0.00,0.00,0.00,Received 0.00032585 DAI from Coinbase Rewards
2020-08-04T19:13:30Z,Rewards Income,DAI,0.00032585,1.02,0.00,0.00,0.00,Received 0.00032585 DAI from Coinbase Rewards
2020-08-05T18:01:29Z,Rewards Income,DAI,0.00032585,1.02,0.00,0.00,0.00,Received 0.00032585 DAI from Coinbase Rewards
2020-08-06T18:11:18Z,Rewards Income,DAI,0.00032585,1.02,0.00,0.00,0.00,Received 0.00032585 DAI from Coinbase Rewards
2020-08-07T18:07:08Z,Rewards Income,DAI,0.00032585,1.02,0.00,0.00,0.00,Received 0.00032585 DAI from Coinbase Rewards
2020-08-08T18:11:24Z,Rewards Income,DAI,0.00032585,1.02,0.00,0.00,0.00,Received 0.00032585 DAI from Coinbase Rewards
2020-08-09T18:57:09Z,Rewards Income,DAI,0.00032587,1.02,0.00,0.00,0.00,Received 0.00032587 DAI from Coinbase Rewards
2020-08-10T19:00:48Z,Rewards Income,DAI,0.00032589,1.02,0.00,0.00,0.00,Received 0.00032589 DAI from Coinbase Rewards
2020-08-11T18:13:10Z,Rewards Income,DAI,0.00032591,1.02,0.00,0.00,0.00,Received 0.00032591 DAI from Coinbase Rewards
2020-08-12T18:41:16Z,Rewards Income,DAI,0.00032593,1.02,0.00,0.00,0.00,Received 0.00032593 DAI from Coinbase Rewards
2020-08-13T18:53:57Z,Rewards Income,DAI,0.00032594,1.02,0.00,0.00,0.00,Received 0.00032594 DAI from Coinbase Rewards
2020-08-14T18:41:46Z,Rewards Income,DAI,0.00032596,1.01,0.00,0.00,0.00,Received 0.00032596 DAI from Coinbase Rewards
2020-08-15T17:42:45Z,Rewards Income,DAI,0.00032598,1.01,0.00,0.00,0.00,Received 0.00032598 DAI from Coinbase Rewards
2020-08-16T18:32:10Z,Rewards Income,DAI,0.000326,1.01,0.00,0.00,0.00,Received 0.000326 DAI from Coinbase Rewards
2020-08-17T18:50:27Z,Rewards Income,DAI,0.00032601,1.00,0.00,0.00,0.00,Received 0.00032601 DAI from Coinbase Rewards
2020-08-18T18:23:10Z,Rewards Income,DAI,0.00032603,1.00,0.00,0.00,0.00,Received 0.00032603 DAI from Coinbase Rewards
2020-08-19T18:23:51Z,Rewards Income,DAI,0.00032605,1.00,0.00,0.00,0.00,Received 0.00032605 DAI from Coinbase Rewards
2020-08-20T19:52:35Z,Rewards Income,DAI,0.00032607,1.00,0.00,0.00,0.00,Received 0.00032607 DAI from Coinbase Rewards
2020-08-21T19:12:47Z,Rewards Income,DAI,0.00032609,1.01,0.00,0.00,0.00,Received 0.00032609 DAI from Coinbase Rewards
2020-08-22T19:09:29Z,Rewards Income,DAI,0.0003261,1.00,0.00,0.00,0.00,Received 0.0003261 DAI from Coinbase Rewards
2020-08-23T18:19:57Z,Rewards Income,DAI,0.00032612,1.01,0.00,0.00,0.00,Received 0.00032612 DAI from Coinbase Rewards
2020-08-24T19:21:57Z,Rewards Income,DAI,0.00032614,1.02,0.00,0.00,0.00,Received 0.00032614 DAI from Coinbase Rewards
2020-08-25T17:33:07Z,Rewards Income,DAI,0.00032616,1.02,0.00,0.00,0.00,Received 0.00032616 DAI from Coinbase Rewards
2020-08-26T18:25:27Z,Rewards Income,DAI,0.00032617,1.01,0.00,0.00,0.00,Received 0.00032617 DAI from Coinbase Rewards
2020-08-27T19:00:10Z,Rewards Income,DAI,0.00032619,1.01,0.00,0.00,0.00,Received 0.00032619 DAI from Coinbase Rewards
2020-08-28T18:54:32Z,Rewards Income,DAI,0.00032621,1.01,0.00,0.00,0.00,Received 0.00032621 DAI from Coinbase Rewards
2020-08-29T18:06:56Z,Rewards Income,DAI,0.00032623,1.01,0.00,0.00,0.00,Received 0.00032623 DAI from Coinbase Rewards
2020-08-30T17:49:56Z,Rewards Income,DAI,0.00032625,1.01,0.00,0.00,0.00,Received 0.00032625 DAI from Coinbase Rewards
2020-08-31T17:44:59Z,Rewards Income,DAI,0.00032626,1.01,0.00,0.00,0.00,Received 0.00032626 DAI from Coinbase Rewards
2020-09-01T17:37:56Z,Rewards Income,DAI,0.00032628,1.01,0.00,0.00,0.00,Received 0.00032628 DAI from Coinbase Rewards
2020-09-02T19:11:09Z,Rewards Income,DAI,0.0003263,1.01,0.00,0.00,0.00,Received 0.0003263 DAI from Coinbase Rewards
2020-09-03T19:17:02Z,Rewards Income,DAI,0.00032632,1.01,0.00,0.00,0.00,Received 0.00032632 DAI from Coinbase Rewards
2020-09-04T18:23:56Z,Rewards Income,DAI,0.00032633,1.02,0.00,0.00,0.00,Received 0.00032633 DAI from Coinbase Rewards
2020-09-05T18:54:14Z,Rewards Income,DAI,0.00032635,1.02,0.00,0.00,0.00,Received 0.00032635 DAI from Coinbase Rewards
2020-09-06T18:16:46Z,Rewards Income,DAI,0.00032637,1.02,0.00,0.00,0.00,Received 0.00032637 DAI from Coinbase Rewards
2020-09-07T19:34:20Z,Rewards Income,DAI,0.00032639,1.02,0.00,0.00,0.00,Received 0.00032639 DAI from Coinbase Rewards
2020-09-08T19:10:25Z,Rewards Income,DAI,0.0003264,1.02,0.00,0.00,0.00,Received 0.0003264 DAI from Coinbase Rewards
2020-09-09T19:15:55Z,Rewards Income,DAI,0.00032642,1.02,0.00,0.00,0.00,Received 0.00032642 DAI from Coinbase Rewards
2020-09-10T18:07:11Z,Rewards Income,DAI,0.00032644,1.03,0.00,0.00,0.00,Received 0.00032644 DAI from Coinbase Rewards
2020-09-11T18:06:07Z,Rewards Income,DAI,0.00032646,1.03,0.00,0.00,0.00,Received 0.00032646 DAI from Coinbase Rewards
2020-09-12T18:16:00Z,Rewards Income,DAI,0.00032647,1.03,0.00,0.00,0.00,Received 0.00032647 DAI from Coinbase Rewards
2020-09-13T18:55:52Z,Rewards Income,DAI,0.00032649,1.02,0.00,0.00,0.00,Received 0.00032649 DAI from Coinbase Rewards
2020-09-14T18:17:39Z,Rewards Income,DAI,0.00032651,1.04,0.00,0.00,0.00,Received 0.00032651 DAI from Coinbase Rewards
2020-09-15T17:57:27Z,Rewards Income,DAI,0.00032653,1.02,0.00,0.00,0.00,Received 0.00032653 DAI from Coinbase Rewards
2020-09-16T19:02:02Z,Rewards Income,DAI,0.00032655,1.01,0.00,0.00,0.00,Received 0.00032655 DAI from Coinbase Rewards
2020-09-17T18:20:24Z,Rewards Income,DAI,0.00032656,1.02,0.00,0.00,0.00,Received 0.00032656 DAI from Coinbase Rewards
2020-09-18T17:53:05Z,Rewards Income,DAI,0.00032658,1.02,0.00,0.00,0.00,Received 0.00032658 DAI from Coinbase Rewards
2020-09-19T17:42:30Z,Rewards Income,DAI,0.0003266,1.01,0.00,0.00,0.00,Received 0.0003266 DAI from Coinbase Rewards
2020-09-20T18:15:59Z,Rewards Income,DAI,0.00032662,1.01,0.00,0.00,0.00,Received 0.00032662 DAI from Coinbase Rewards
2020-09-21T17:37:56Z,Rewards Income,DAI,0.00032663,1.01,0.00,0.00,0.00,Received 0.00032663 DAI from Coinbase Rewards
2020-09-22T18:32:15Z,Rewards Income,DAI,0.00032665,1.01,0.00,0.00,0.00,Received 0.00032665 DAI from Coinbase Rewards
2020-09-23T18:16:24Z,Rewards Income,DAI,0.00032667,1.01,0.00,0.00,0.00,Received 0.00032667 DAI from Coinbase Rewards
2020-09-24T18:48:30Z,Rewards Income,DAI,0.00032669,1.01,0.00,0.00,0.00,Received 0.00032669 DAI from Coinbase Rewards
2020-09-25T18:53:43Z,Rewards Income,DAI,0.00032671,1.01,0.00,0.00,0.00,Received 0.00032671 DAI from Coinbase Rewards
2020-09-26T18:49:32Z,Rewards Income,DAI,0.00032672,1.01,0.00,0.00,0.00,Received 0.00032672 DAI from Coinbase Rewards
2020-09-27T18:37:53Z,Rewards Income,DAI,0.00032674,1.01,0.00,0.00,0.00,Received 0.00032674 DAI from Coinbase Rewards
2020-09-28T19:05:08Z,Rewards Income,DAI,0.00032676,1.01,0.00,0.00,0.00,Received 0.00032676 DAI from Coinbase Rewards
2020-09-29T18:45:03Z,Rewards Income,DAI,0.00032678,1.01,0.00,0.00,0.00,Received 0.00032678 DAI from Coinbase Rewards
2020-09-30T18:20:04Z,Rewards Income,DAI,0.00032679,1.01,0.00,0.00,0.00,Received 0.00032679 DAI from Coinbase Rewards
2020-10-01T17:43:07Z,Rewards Income,DAI,0.00032681,1.01,0.00,0.00,0.00,Received 0.00032681 DAI from Coinbase Rewards
2020-10-02T18:59:22Z,Rewards Income,DAI,0.00032683,1.01,0.00,0.00,0.00,Received 0.00032683 DAI from Coinbase Rewards
2020-10-03T18:58:35Z,Rewards Income,DAI,0.00032685,1.01,0.00,0.00,0.00,Received 0.00032685 DAI from Coinbase Rewards
2020-10-04T18:07:18Z,Rewards Income,DAI,0.00032686,1.01,0.00,0.00,0.00,Received 0.00032686 DAI from Coinbase Rewards
2020-10-05T18:34:34Z,Rewards Income,DAI,0.00032688,1.01,0.00,0.00,0.00,Received 0.00032688 DAI from Coinbase Rewards
2020-10-06T18:08:38Z,Rewards Income,DAI,0.0003269,1.01,0.00,0.00,0.00,Received 0.0003269 DAI from Coinbase Rewards
2020-10-07T17:40:56Z,Rewards Income,DAI,0.00032692,1.01,0.00,0.00,0.00,Received 0.00032692 DAI from Coinbase Rewards
2020-10-08T17:52:02Z,Rewards Income,DAI,0.00032694,1.01,0.00,0.00,0.00,Received 0.00032694 DAI from Coinbase Rewards
2020-10-09T18:35:47Z,Rewards Income,DAI,0.00032695,1.01,0.00,0.00,0.00,Received 0.00032695 DAI from Coinbase Rewards
2020-10-10T19:15:42Z,Rewards Income,DAI,0.00032697,1.01,0.00,0.00,0.00,Received 0.00032697 DAI from Coinbase Rewards
2020-10-11T18:19:55Z,Rewards Income,DAI,0.00032699,1.01,0.00,0.00,0.00,Received 0.00032699 DAI from Coinbase Rewards
2020-10-12T17:31:54Z,Rewards Income,DAI,0.00032701,1.01,0.00,0.00,0.00,Received 0.00032701 DAI from Coinbase Rewards
2020-10-13T17:45:48Z,Rewards Income,DAI,0.00032702,1.01,0.00,0.00,0.00,Received 0.00032702 DAI from Coinbase Rewards
2020-10-14T18:44:15Z,Rewards Income,DAI,0.00032704,1.01,0.00,0.00,0.00,Received 0.00032704 DAI from Coinbase Rewards
2020-10-15T18:37:23Z,Rewards Income,DAI,0.00032706,1.01,0.00,0.00,0.00,Received 0.00032706 DAI from Coinbase Rewards
2020-10-16T18:57:04Z,Rewards Income,DAI,0.00032708,1.01,0.00,0.00,0.00,Received 0.00032708 DAI from Coinbase Rewards
2020-10-17T18:12:55Z,Rewards Income,DAI,0.0003271,1.01,0.00,0.00,0.00,Received 0.0003271 DAI from Coinbase Rewards
2020-10-18T19:13:54Z,Rewards Income,DAI,0.00032711,1.01,0.00,0.00,0.00,Received 0.00032711 DAI from Coinbase Rewards
2020-10-19T17:53:10Z,Rewards Income,DAI,0.00032713,1.01,0.00,0.00,0.00,Received 0.00032713 DAI from Coinbase Rewards
2020-10-20T17:44:48Z,Rewards Income,DAI,0.00032715,1.01,0.00,0.00,0.00,Received 0.00032715 DAI from Coinbase Rewards
2020-10-21T17:53:51Z,Rewards Income,DAI,0.00032717,1.01,0.00,0.00,0.00,Received 0.00032717 DAI from Coinbase Rewards
2020-10-22T18:49:02Z,Rewards Income,DAI,0.00032718,1.01,0.00,0.00,0.00,Received 0.00032718 DAI from Coinbase Rewards
2020-10-23T18:31:32Z,Rewards Income,DAI,0.0003272,1.01,0.00,0.00,0.00,Received 0.0003272 DAI from Coinbase Rewards
2020-10-24T17:32:25Z,Rewards Income,DAI,0.00065444,1.01,0.00,0.00,0.00,Received 0.00065444 DAI from Coinbase Rewards
2020-10-25T18:46:12Z,Rewards Income,DAI,0.00032724,1.01,0.00,0.00,0.00,Received 0.00032724 DAI from Coinbase Rewards
2020-10-26T18:55:39Z,Rewards Income,DAI,0.00032726,1.01,0.00,0.00,0.00,Received 0.00032726 DAI from Coinbase Rewards
2020-10-27T17:38:29Z,Rewards Income,DAI,0.00032727,1.01,0.00,0.00,0.00,Received 0.00032727 DAI from Coinbase Rewards
2020-10-28T17:31:50Z,Rewards Income,DAI,0.00032729,1.01,0.00,0.00,0.00,Received 0.00032729 DAI from Coinbase Rewards
2020-10-29T19:11:27Z,Rewards Income,DAI,0.00032731,1.01,0.00,0.00,0.00,Received 0.00032731 DAI from Coinbase Rewards
2020-10-30T18:11:18Z,Rewards Income,DAI,0.00032734,1.01,0.00,0.00,0.00,Received 0.00032734 DAI from Coinbase Rewards
2020-10-31T18:57:19Z,Rewards Income,DAI,0.00032736,1.01,0.00,0.00,0.00,Received 0.00032736 DAI from Coinbase Rewards
2020-11-01T17:57:56Z,Rewards Income,DAI,0.00032738,1.01,0.00,0.00,0.00,Received 0.00032738 DAI from Coinbase Rewards
2020-11-02T18:49:31Z,Rewards Income,DAI,0.0003274,1.01,0.00,0.00,0.00,Received 0.0003274 DAI from Coinbase Rewards
2020-11-03T17:45:11Z,Rewards Income,DAI,0.00032741,1.01,0.00,0.00,0.00,Received 0.00032741 DAI from Coinbase Rewards
2020-11-04T17:56:38Z,Rewards Income,DAI,0.00032743,1.01,0.00,0.00,0.00,Received 0.00032743 DAI from Coinbase Rewards
2020-11-05T18:15:38Z,Rewards Income,DAI,0.00032745,1.01,0.00,0.00,0.00,Received 0.00032745 DAI from Coinbase Rewards
2020-11-06T19:29:50Z,Rewards Income,DAI,0.00032747,1.01,0.00,0.00,0.00,Received 0.00032747 DAI from Coinbase Rewards
2020-11-07T19:16:04Z,Rewards Income,DAI,0.00032749,1.01,0.00,0.00,0.00,Received 0.00032749 DAI from Coinbase Rewards
2020-11-08T18:48:45Z,Rewards Income,DAI,0.0003275,1.01,0.00,0.00,0.00,Received 0.0003275 DAI from Coinbase Rewards
2020-11-09T18:23:01Z,Rewards Income,DAI,0.00032752,1.01,0.00,0.00,0.00,Received 0.00032752 DAI from Coinbase Rewards
2020-11-10T17:54:09Z,Rewards Income,DAI,0.00032754,1.01,0.00,0.00,0.00,Received 0.00032754 DAI from Coinbase Rewards
2020-11-11T19:00:01Z,Rewards Income,DAI,0.00032756,1.01,0.00,0.00,0.00,Received 0.00032756 DAI from Coinbase Rewards
2020-11-12T18:03:22Z,Rewards Income,DAI,0.00032757,1.01,0.00,0.00,0.00,Received 0.00032757 DAI from Coinbase Rewards
2020-11-13T18:50:18Z,Rewards Income,DAI,0.00032759,1.01,0.00,0.00,0.00,Received 0.00032759 DAI from Coinbase Rewards
2020-11-14T19:01:00Z,Rewards Income,DAI,0.00032761,1.01,0.00,0.00,0.00,Received 0.00032761 DAI from Coinbase Rewards
2020-11-15T17:37:44Z,Rewards Income,DAI,0.00032763,1.01,0.00,0.00,0.00,Received 0.00032763 DAI from Coinbase Rewards
2020-11-16T18:04:44Z,Rewards Income,DAI,0.00032765,1.01,0.00,0.00,0.00,Received 0.00032765 DAI from Coinbase Rewards
2020-11-17T18:00:35Z,Rewards Income,DAI,0.00032766,1.00,0.00,0.00,0.00,Received 0.00032766 DAI from Coinbase Rewards
2020-11-18T17:47:31Z,Rewards Income,DAI,0.00032768,1.00,0.00,0.00,0.00,Received 0.00032768 DAI from Coinbase Rewards
2020-11-19T18:38:19Z,Rewards Income,DAI,0.0003277,1.00,0.00,0.00,0.00,Received 0.0003277 DAI from Coinbase Rewards
2020-11-20T19:10:20Z,Rewards Income,DAI,0.00032772,1.00,0.00,0.00,0.00,Received 0.00032772 DAI from Coinbase Rewards
2020-11-21T19:13:55Z,Rewards Income,DAI,0.00032773,1.00,0.00,0.00,0.00,Received 0.00032773 DAI from Coinbase Rewards
2020-11-22T19:13:18Z,Rewards Income,DAI,0.00032775,1.00,0.00,0.00,0.00,Received 0.00032775 DAI from Coinbase Rewards
2020-11-23T19:13:41Z,Rewards Income,DAI,0.00032777,1.00,0.00,0.00,0.00,Received 0.00032777 DAI from Coinbase Rewards
2020-11-24T18:24:28Z,Rewards Income,DAI,0.00032779,1.00,0.00,0.00,0.00,Received 0.00032779 DAI from Coinbase Rewards
2020-11-25T18:21:12Z,Rewards Income,DAI,0.0003278,1.00,0.00,0.00,0.00,Received 0.0003278 DAI from Coinbase Rewards
2020-11-26T17:39:17Z,Rewards Income,DAI,0.00032782,1.03,0.00,0.00,0.00,Received 0.00032782 DAI from Coinbase Rewards
2020-11-27T18:49:08Z,Rewards Income,DAI,0.00032784,1.00,0.00,0.00,0.00,Received 0.00032784 DAI from Coinbase Rewards
2020-11-28T18:11:16Z,Rewards Income,DAI,0.00032786,1.00,0.00,0.00,0.00,Received 0.00032786 DAI from Coinbase Rewards
2020-11-29T19:13:59Z,Rewards Income,DAI,0.00032788,1.00,0.00,0.00,0.00,Received 0.00032788 DAI from Coinbase Rewards
2020-11-30T19:08:54Z,Rewards Income,DAI,0.00032789,1.00,0.00,0.00,0.00,Received 0.00032789 DAI from Coinbase Rewards
2020-12-01T17:40:08Z,Rewards Income,DAI,0.00032791,1.00,0.00,0.00,0.00,Received 0.00032791 DAI from Coinbase Rewards
2020-12-02T19:10:11Z,Rewards Income,DAI,0.00032793,1.00,0.00,0.00,0.00,Received 0.00032793 DAI from Coinbase Rewards
2020-12-03T17:48:23Z,Rewards Income,DAI,0.00032795,1.00,0.00,0.00,0.00,Received 0.00032795 DAI from Coinbase Rewards
2020-12-04T17:54:34Z,Rewards Income,DAI,0.00032796,1.00,0.00,0.00,0.00,Received 0.00032796 DAI from Coinbase Rewards
2020-12-05T19:05:43Z,Rewards Income,DAI,0.00032798,1.01,0.00,0.00,0.00,Received 0.00032798 DAI from Coinbase Rewards
2020-12-06T17:49:00Z,Rewards Income,DAI,0.000328,1.01,0.00,0.00,0.00,Received 0.000328 DAI from Coinbase Rewards
2020-12-07T18:16:04Z,Rewards Income,DAI,0.00032802,1.00,0.00,0.00,0.00,Received 0.00032802 DAI from Coinbase Rewards
2020-12-08T18:49:51Z,Rewards Income,DAI,0.00032804,1.00,0.00,0.00,0.00,Received 0.00032804 DAI from Coinbase Rewards
2020-12-09T17:49:45Z,Rewards Income,DAI,0.00032805,1.00,0.00,0.00,0.00,Received 0.00032805 DAI from Coinbase Rewards
2020-12-10T18:09:07Z,Rewards Income,DAI,0.00032807,1.00,0.00,0.00,0.00,Received 0.00032807 DAI from Coinbase Rewards
2020-12-11T18:42:50Z,Rewards Income,DAI,0.00032809,1.00,0.00,0.00,0.00,Received 0.00032809 DAI from Coinbase Rewards
2020-12-12T19:16:15Z,Rewards Income,DAI,0.00032811,1.00,0.00,0.00,0.00,Received 0.00032811 DAI from Coinbase Rewards
2020-12-13T18:43:46Z,Rewards Income,DAI,0.00032813,1.00,0.00,0.00,0.00,Received 0.00032813 DAI from Coinbase Rewards
2020-12-14T17:34:36Z,Rewards Income,DAI,0.00032814,1.00,0.00,0.00,0.00,Received 0.00032814 DAI from Coinbase Rewards
2020-12-15T17:36:49Z,Rewards Income,DAI,0.00032816,1.00,0.00,0.00,0.00,Received 0.00032816 DAI from Coinbase Rewards
2020-12-16T21:09:07Z,Rewards Income,DAI,0.00032818,1.00,0.00,0.00,0.00,Received 0.00032818 DAI from Coinbase Rewards
2020-12-17T19:33:29Z,Rewards Income,DAI,0.0003282,1.00,0.00,0.00,0.00,Received 0.0003282 DAI from Coinbase Rewards
2020-12-18T20:38:33Z,Rewards Income,DAI,0.00032821,1.00,0.00,0.00,0.00,Received 0.00032821 DAI from Coinbase Rewards
2020-12-19T18:29:51Z,Rewards Income,DAI,0.00032823,1.00,0.00,0.00,0.00,Received 0.00032823 DAI from Coinbase Rewards
2020-12-20T19:02:45Z,Rewards Income,DAI,0.00032825,1.00,0.00,0.00,0.00,Received 0.00032825 DAI from Coinbase Rewards
2020-12-21T19:53:14Z,Rewards Income,DAI,0.00032827,1.00,0.00,0.00,0.00,Received 0.00032827 DAI from Coinbase Rewards
2020-12-22T21:11:53Z,Rewards Income,DAI,0.00032829,1.00,0.00,0.00,0.00,Received 0.00032829 DAI from Coinbase Rewards
2020-12-23T19:33:36Z,Rewards Income,DAI,0.0003283,1.00,0.00,0.00,0.00,Received 0.0003283 DAI from Coinbase Rewards
2020-12-24T20:27:07Z,Rewards Income,DAI,0.00032832,1.00,0.00,0.00,0.00,Received 0.00032832 DAI from Coinbase Rewards
2020-12-25T18:36:44Z,Rewards Income,DAI,0.00032834,1.00,0.00,0.00,0.00,Received 0.00032834 DAI from Coinbase Rewards
2020-12-26T20:35:21Z,Rewards Income,DAI,0.00032836,1.00,0.00,0.00,0.00,Received 0.00032836 DAI from Coinbase Rewards
2020-12-27T17:46:23Z,Rewards Income,DAI,0.00032837,1.00,0.00,0.00,0.00,Received 0.00032837 DAI from Coinbase Rewards
2020-12-28T20:15:30Z,Rewards Income,DAI,0.00032839,1.00,0.00,0.00,0.00,Received 0.00032839 DAI from Coinbase Rewards
2020-12-29T18:42:36Z,Rewards Income,DAI,0.00032841,1.00,0.00,0.00,0.00,Received 0.00032841 DAI from Coinbase Rewards
2020-12-30T20:02:28Z,Rewards Income,DAI,0.00032843,1.00,0.00,0.00,0.00,Received 0.00032843 DAI from Coinbase Rewards
2020-12-31T19:27:06Z,Rewards Income,DAI,0.00032844,1.00,0.00,0.00,0.00,Received 0.00032844 DAI from Coinbase Rewards
2020-12-12T14:43:01Z,Coinbase Earn,COMP,0.0205945,146.91,3.03,3.03,0.00,Received 0.0205945 COMP from Coinbase Earn
2020-12-12T14:43:39Z,Coinbase Earn,COMP,0.0205945,146.91,3.03,3.03,0.00,Received 0.0205945 COMP from Coinbase Earn
2020-12-12T14:43:58Z,Coinbase Earn,COMP,0.02059874,146.91,3.03,3.03,0.00,Received 0.02059874 COMP from Coinbase Earn
2020-12-12T15:03:35Z,Coinbase Earn,COMP,0.0693241,144.44,10.01,10.01,0.00,Received 0.0693241 COMP from Coinbase Earn
2020-12-12T14:55:08Z,Coinbase Earn,BAND,0.16261749,6.17,1.00,1.00,0.00,Received 0.16261749 BAND from Coinbase Earn
2020-12-12T14:55:39Z,Coinbase Earn,BAND,0.16257519,6.17,1.00,1.00,0.00,Received 0.16257519 BAND from Coinbase Earn
2020-12-12T14:55:57Z,Coinbase Earn,BAND,0.16257519,6.17,1.00,1.00,0.00,Received 0.16257519 BAND from Coinbase Earn
2020-12-23T20:13:35Z,Coinbase Earn,CGLD,1.37617835,1.46,2.01,2.01,0.00,Received 1.37617835 CGLD from Coinbase Earn
2020-12-23T20:14:19Z,Coinbase Earn,CGLD,1.37608367,1.46,2.01,2.01,0.00,Received 1.37608367 CGLD from Coinbase Earn
2020-12-23T20:14:39Z,Coinbase Earn,CGLD,1.37617835,1.46,2.01,2.01,0.00,Received 1.37617835 CGLD from Coinbase Earn
2020-12-12T14:40:47Z,Coinbase Earn,FIL,0.06644232,30.15,2.00,2.00,0.00,Received 0.06644232 FIL from Coinbase Earn
2020-12-12T14:42:19Z,Coinbase Earn,FIL,0.06634116,30.15,2.00,2.00,0.00,Received 0.06634116 FIL from Coinbase Earn
2020-12-12T14:42:36Z,Coinbase Earn,FIL,0.06634116,30.15,2.00,2.00,0.00,Received 0.06634116 FIL from Coinbase Earn
2020-12-23T20:12:38Z,Coinbase Earn,GRT,2.14961307,0.470000,1.01,1.01,0.00,Received 2.14961307 GRT from Coinbase Earn
2020-12-23T20:12:53Z,Coinbase Earn,GRT,2.14961307,0.470000,1.01,1.01,0.00,Received 2.14961307 GRT from Coinbase Earn
2020-12-23T20:13:11Z,Coinbase Earn,GRT,2.13675214,0.470000,1.00,1.00,0.00,Received 2.13675214 GRT from Coinbase Earn
#
2019-06-12T16:42:53Z,Receive,XRP,371.198543,0.400000,"","","",Received 371.198543 XRP from an external account
2019-03-29T16:00:22Z,Coinbase Earn,XLM,18.8061835,0.110000,2.07,2.07,0.00,Received 18.8061835 XLM from Coinbase Earn
2019-03-29T16:03:00Z,Coinbase Earn,XLM,18.8155605,0.110000,2.07,2.07,0.00,Received 18.8155605 XLM from Coinbase Earn
2019-03-29T16:05:09Z,Coinbase Earn,XLM,18.765687,0.110000,2.06,2.06,0.00,Received 18.765687 XLM from Coinbase Earn
2019-03-29T16:07:53Z,Coinbase Earn,XLM,18.7816353,0.110000,2.07,2.07,0.00,Received 18.7816353 XLM from Coinbase Earn
2019-03-29T16:10:56Z,Coinbase Earn,XLM,18.7850753,0.110000,2.07,2.07,0.00,Received 18.7850753 XLM from Coinbase Earn
2019-04-13T22:09:28Z,Receive,XLM,289.26739,0.120000,"","","",Received 289.26739 XLM from an external account
2019-06-10T15:33:04Z,Coinbase Earn,EOS,0.3148,6.33,1.99,1.99,0.00,Received 0.3148 EOS from Coinbase Earn
2019-06-10T15:39:08Z,Coinbase Earn,EOS,0.3141,6.35,1.99,1.99,0.00,Received 0.3141 EOS from Coinbase Earn
2019-06-10T15:40:58Z,Coinbase Earn,EOS,0.3137,6.35,1.99,1.99,0.00,Received 0.3137 EOS from Coinbase Earn
2019-06-10T15:43:59Z,Coinbase Earn,EOS,0.3139,6.35,1.99,1.99,0.00,Received 0.3139 EOS from Coinbase Earn
2019-06-10T15:46:20Z,Coinbase Earn,EOS,0.3148,6.35,2.00,2.00,0.00,Received 0.3148 EOS from Coinbase Earn
#
2021-01-02T23:31:26Z,Send,BTC,0.00402563,USD,31944.98,"","","",Sent 0.00402563 BTC to 3FLPAKhsbUnyUt1mUY8z1zi6AmYd5SAwuQ
2021-01-03T13:34:25Z,Send,BTC,0.012024,USD,34215.62,"","","",Sent 0.012024 BTC to 3FLPAKhsbUnyUt1mUY8z1zi6AmYd5SAwuQ
2021-05-17T16:05:45Z,Send,BTC,0.0060201,USD,43535.92,"","","",Sent 0.0060201 BTC to 3LAiaqEwdwEQ4eyGnbTxn53a6maJLx3xso
2021-01-01T19:01:23Z,Rewards Income,DAI,0.00032846,USD,1.01,0.00,0.00,0.00,Received 0.00032846 DAI from Coinbase Rewards
2021-01-02T19:55:19Z,Rewards Income,DAI,0.00032848,USD,1.00,0.00,0.00,0.00,Received 0.00032848 DAI from Coinbase Rewards
2021-01-03T20:51:41Z,Rewards Income,DAI,0.0003285,USD,1.00,0.00,0.00,0.00,Received 0.0003285 DAI from Coinbase Rewards
2021-01-04T18:13:18Z,Rewards Income,DAI,0.00032852,USD,1.00,0.00,0.00,0.00,Received 0.00032852 DAI from Coinbase Rewards
2021-01-05T18:37:21Z,Rewards Income,DAI,0.00032853,USD,1.00,0.00,0.00,0.00,Received 0.00032853 DAI from Coinbase Rewards
2021-01-06T20:40:27Z,Rewards Income,DAI,0.00032855,USD,1.00,0.00,0.00,0.00,Received 0.00032855 DAI from Coinbase Rewards
2021-01-07T18:20:03Z,Rewards Income,DAI,0.00032857,USD,1.00,0.00,0.00,0.00,Received 0.00032857 DAI from Coinbase Rewards
2021-01-08T21:05:54Z,Rewards Income,DAI,0.00032859,USD,1.00,0.00,0.00,0.00,Received 0.00032859 DAI from Coinbase Rewards
2021-01-09T20:11:54Z,Rewards Income,DAI,0.00032861,USD,1.00,0.00,0.00,0.00,Received 0.00032861 DAI from Coinbase Rewards
2021-01-10T20:17:49Z,Rewards Income,DAI,0.00032862,USD,1.00,0.00,0.00,0.00,Received 0.00032862 DAI from Coinbase Rewards
2021-01-11T20:42:20Z,Rewards Income,DAI,0.00032864,USD,1.00,0.00,0.00,0.00,Received 0.00032864 DAI from Coinbase Rewards
2021-01-12T08:19:25Z,Rewards Income,DAI,0.00032866,USD,1.00,0.00,0.00,0.00,Received 0.00032866 DAI from Coinbase Rewards
2021-01-13T09:47:10Z,Rewards Income,DAI,0.00032868,USD,1.00,0.00,0.00,0.00,Received 0.00032868 DAI from Coinbase Rewards
2021-01-14T10:24:04Z,Rewards Income,DAI,0.00032869,USD,1.00,0.00,0.00,0.00,Received 0.00032869 DAI from Coinbase Rewards
2021-01-15T08:12:51Z,Rewards Income,DAI,0.00032871,USD,1.00,0.00,0.00,0.00,Received 0.00032871 DAI from Coinbase Rewards
2021-01-16T07:55:03Z,Rewards Income,DAI,0.00032873,USD,1.00,0.00,0.00,0.00,Received 0.00032873 DAI from Coinbase Rewards
2021-01-17T07:35:42Z,Rewards Income,DAI,0.00032876,USD,1.00,0.00,0.00,0.00,Received 0.00032876 DAI from Coinbase Rewards
2021-01-18T09:07:12Z,Rewards Income,DAI,0.00032877,USD,1.00,0.00,0.00,0.00,Received 0.00032877 DAI from Coinbase Rewards
2021-01-19T10:09:39Z,Rewards Income,DAI,0.00032879,USD,1.00,0.00,0.00,0.00,Received 0.00032879 DAI from Coinbase Rewards
2021-01-20T10:27:16Z,Rewards Income,DAI,0.00032881,USD,1.00,0.00,0.00,0.00,Received 0.00032881 DAI from Coinbase Rewards
2021-01-21T10:34:01Z,Rewards Income,DAI,0.00032883,USD,1.00,0.00,0.00,0.00,Received 0.00032883 DAI from Coinbase Rewards
2021-01-22T10:03:55Z,Rewards Income,DAI,0.00032885,USD,1.00,0.00,0.00,0.00,Received 0.00032885 DAI from Coinbase Rewards
2021-01-23T08:17:08Z,Rewards Income,DAI,0.00032886,USD,1.00,0.00,0.00,0.00,Received 0.00032886 DAI from Coinbase Rewards
2021-01-24T08:56:46Z,Rewards Income,DAI,0.00032888,USD,1.00,0.00,0.00,0.00,Received 0.00032888 DAI from Coinbase Rewards
2021-01-25T09:51:56Z,Rewards Income,DAI,0.0003289,USD,1.00,0.00,0.00,0.00,Received 0.0003289 DAI from Coinbase Rewards
2021-01-26T10:25:09Z,Rewards Income,DAI,0.00032892,USD,1.00,0.00,0.00,0.00,Received 0.00032892 DAI from Coinbase Rewards
2021-01-27T09:50:07Z,Rewards Income,DAI,0.00032893,USD,1.00,0.00,0.00,0.00,Received 0.00032893 DAI from Coinbase Rewards
2021-01-28T08:24:18Z,Rewards Income,DAI,0.00032895,USD,1.00,0.00,0.00,0.00,Received 0.00032895 DAI from Coinbase Rewards
2021-01-29T10:26:07Z,Rewards Income,DAI,0.00032897,USD,1.00,0.00,0.00,0.00,Received 0.00032897 DAI from Coinbase Rewards
2021-01-30T10:20:10Z,Rewards Income,DAI,0.00032899,USD,1.00,0.00,0.00,0.00,Received 0.00032899 DAI from Coinbase Rewards
2021-01-31T08:25:42Z,Rewards Income,DAI,0.000329,USD,1.00,0.00,0.00,0.00,Received 0.000329 DAI from Coinbase Rewards
2021-02-01T10:15:22Z,Rewards Income,DAI,0.00032902,USD,1.00,0.00,0.00,0.00,Received 0.00032902 DAI from Coinbase Rewards
2021-02-02T11:16:03Z,Rewards Income,DAI,0.00032904,USD,1.00,0.00,0.00,0.00,Received 0.00032904 DAI from Coinbase Rewards
2021-02-03T10:32:22Z,Rewards Income,DAI,0.00032906,USD,1.00,0.00,0.00,0.00,Received 0.00032906 DAI from Coinbase Rewards
2021-02-04T08:36:34Z,Rewards Income,DAI,0.00032908,USD,1.00,0.00,0.00,0.00,Received 0.00032908 DAI from Coinbase Rewards
2021-02-05T08:24:30Z,Rewards Income,DAI,0.0003291,USD,1.00,0.00,0.00,0.00,Received 0.0003291 DAI from Coinbase Rewards
2021-02-06T07:31:28Z,Rewards Income,DAI,0.00032911,USD,1.00,0.00,0.00,0.00,Received 0.00032911 DAI from Coinbase Rewards
2021-02-07T09:17:34Z,Rewards Income,DAI,0.00032913,USD,1.00,0.00,0.00,0.00,Received 0.00032913 DAI from Coinbase Rewards
2021-02-08T08:53:44Z,Rewards Income,DAI,0.00032915,USD,1.00,0.00,0.00,0.00,Received 0.00032915 DAI from Coinbase Rewards
2021-02-09T10:11:14Z,Rewards Income,DAI,0.00032917,USD,1.00,0.00,0.00,0.00,Received 0.00032917 DAI from Coinbase Rewards
2021-02-10T09:40:58Z,Rewards Income,DAI,0.00032918,USD,1.00,0.00,0.00,0.00,Received 0.00032918 DAI from Coinbase Rewards
2021-02-11T09:18:59Z,Rewards Income,DAI,0.0003292,USD,1.00,0.00,0.00,0.00,Received 0.0003292 DAI from Coinbase Rewards
2021-02-12T09:32:42Z,Rewards Income,DAI,0.00032922,USD,1.00,0.00,0.00,0.00,Received 0.00032922 DAI from Coinbase Rewards
2021-02-13T09:30:31Z,Rewards Income,DAI,0.00032924,USD,1.00,0.00,0.00,0.00,Received 0.00032924 DAI from Coinbase Rewards
2021-02-14T10:25:53Z,Rewards Income,DAI,0.00032925,USD,1.00,0.00,0.00,0.00,Received 0.00032925 DAI from Coinbase Rewards
2021-02-15T10:21:30Z,Rewards Income,DAI,0.00032927,USD,1.00,0.00,0.00,0.00,Received 0.00032927 DAI from Coinbase Rewards
2021-02-16T10:21:24Z,Rewards Income,DAI,0.00032929,USD,1.00,0.00,0.00,0.00,Received 0.00032929 DAI from Coinbase Rewards
2021-02-17T10:06:14Z,Rewards Income,DAI,0.00032931,USD,1.00,0.00,0.00,0.00,Received 0.00032931 DAI from Coinbase Rewards
2021-02-18T09:24:26Z,Rewards Income,DAI,0.00032933,USD,1.00,0.00,0.00,0.00,Received 0.00032933 DAI from Coinbase Rewards
2021-02-19T09:52:17Z,Rewards Income,DAI,0.00032934,USD,1.00,0.00,0.00,0.00,Received 0.00032934 DAI from Coinbase Rewards
2021-02-20T08:03:46Z,Rewards Income,DAI,0.00032936,USD,1.00,0.00,0.00,0.00,Received 0.00032936 DAI from Coinbase Rewards
2021-02-21T10:54:00Z,Rewards Income,DAI,0.00032938,USD,1.00,0.00,0.00,0.00,Received 0.00032938 DAI from Coinbase Rewards
2021-02-22T08:24:01Z,Rewards Income,DAI,0.0003294,USD,1.00,0.00,0.00,0.00,Received 0.0003294 DAI from Coinbase Rewards
2021-02-23T09:48:30Z,Rewards Income,DAI,0.00032942,USD,1.01,0.00,0.00,0.00,Received 0.00032942 DAI from Coinbase Rewards
2021-02-24T07:38:11Z,Rewards Income,DAI,0.00032943,USD,1.00,0.00,0.00,0.00,Received 0.00032943 DAI from Coinbase Rewards
2021-02-25T09:28:12Z,Rewards Income,DAI,0.00032945,USD,1.00,0.00,0.00,0.00,Received 0.00032945 DAI from Coinbase Rewards
2021-02-26T10:39:02Z,Rewards Income,DAI,0.00032947,USD,1.00,0.00,0.00,0.00,Received 0.00032947 DAI from Coinbase Rewards
2021-02-27T08:11:54Z,Rewards Income,DAI,0.00032949,USD,1.00,0.00,0.00,0.00,Received 0.00032949 DAI from Coinbase Rewards
2021-02-28T10:45:51Z,Rewards Income,DAI,0.00032951,USD,1.00,0.00,0.00,0.00,Received 0.00032951 DAI from Coinbase Rewards
2021-03-01T08:06:40Z,Rewards Income,DAI,0.00032952,USD,1.00,0.00,0.00,0.00,Received 0.00032952 DAI from Coinbase Rewards
2021-03-02T10:17:11Z,Rewards Income,DAI,0.00032954,USD,1.00,0.00,0.00,0.00,Received 0.00032954 DAI from Coinbase Rewards
2021-03-03T10:35:29Z,Rewards Income,DAI,0.00032956,USD,1.00,0.00,0.00,0.00,Received 0.00032956 DAI from Coinbase Rewards
2021-03-04T07:52:37Z,Rewards Income,DAI,0.00032958,USD,1.00,0.00,0.00,0.00,Received 0.00032958 DAI from Coinbase Rewards
2021-03-05T07:51:14Z,Rewards Income,DAI,0.00032959,USD,1.00,0.00,0.00,0.00,Received 0.00032959 DAI from Coinbase Rewards
2021-03-06T07:53:58Z,Rewards Income,DAI,0.00032961,USD,1.00,0.00,0.00,0.00,Received 0.00032961 DAI from Coinbase Rewards
2021-03-07T10:07:03Z,Rewards Income,DAI,0.00032963,USD,1.00,0.00,0.00,0.00,Received 0.00032963 DAI from Coinbase Rewards
2021-03-08T09:35:06Z,Rewards Income,DAI,0.00032965,USD,1.00,0.00,0.00,0.00,Received 0.00032965 DAI from Coinbase Rewards
2021-03-09T10:47:55Z,Rewards Income,DAI,0.00032967,USD,1.00,0.00,0.00,0.00,Received 0.00032967 DAI from Coinbase Rewards
2021-03-10T10:01:42Z,Rewards Income,DAI,0.00032969,USD,1.00,0.00,0.00,0.00,Received 0.00032969 DAI from Coinbase Rewards
2021-03-11T09:03:31Z,Rewards Income,DAI,0.0003297,USD,1.00,0.00,0.00,0.00,Received 0.0003297 DAI from Coinbase Rewards
2021-03-12T08:13:51Z,Rewards Income,DAI,0.00032972,USD,1.00,0.00,0.00,0.00,Received 0.00032972 DAI from Coinbase Rewards
2021-03-13T08:14:15Z,Rewards Income,DAI,0.00032974,USD,1.00,0.00,0.00,0.00,Received 0.00032974 DAI from Coinbase Rewards
2021-03-14T10:31:53Z,Rewards Income,DAI,0.00032975,USD,1.00,0.00,0.00,0.00,Received 0.00032975 DAI from Coinbase Rewards
2021-03-15T09:16:34Z,Rewards Income,DAI,0.00032977,USD,1.00,0.00,0.00,0.00,Received 0.00032977 DAI from Coinbase Rewards
2021-03-16T11:25:46Z,Rewards Income,DAI,0.00032979,USD,1.00,0.00,0.00,0.00,Received 0.00032979 DAI from Coinbase Rewards
2021-03-17T08:46:30Z,Rewards Income,DAI,0.00032981,USD,1.00,0.00,0.00,0.00,Received 0.00032981 DAI from Coinbase Rewards
2021-03-18T07:57:47Z,Rewards Income,DAI,0.00032983,USD,1.00,0.00,0.00,0.00,Received 0.00032983 DAI from Coinbase Rewards
2021-03-19T09:30:48Z,Rewards Income,DAI,0.00032984,USD,1.00,0.00,0.00,0.00,Received 0.00032984 DAI from Coinbase Rewards
2021-03-20T11:29:23Z,Rewards Income,DAI,0.00032986,USD,1.00,0.00,0.00,0.00,Received 0.00032986 DAI from Coinbase Rewards
2021-03-21T10:06:51Z,Rewards Income,DAI,0.00032988,USD,1.00,0.00,0.00,0.00,Received 0.00032988 DAI from Coinbase Rewards
2021-03-22T09:02:02Z,Rewards Income,DAI,0.0003299,USD,1.00,0.00,0.00,0.00,Received 0.0003299 DAI from Coinbase Rewards
2021-03-23T10:38:10Z,Rewards Income,DAI,0.00032992,USD,1.00,0.00,0.00,0.00,Received 0.00032992 DAI from Coinbase Rewards
2021-03-24T07:46:24Z,Rewards Income,DAI,0.00032993,USD,1.00,0.00,0.00,0.00,Received 0.00032993 DAI from Coinbase Rewards
2021-03-25T10:09:51Z,Rewards Income,DAI,0.00032995,USD,1.00,0.00,0.00,0.00,Received 0.00032995 DAI from Coinbase Rewards
2021-03-26T11:20:39Z,Rewards Income,DAI,0.00032997,USD,1.00,0.00,0.00,0.00,Received 0.00032997 DAI from Coinbase Rewards
2021-03-27T09:12:46Z,Rewards Income,DAI,0.00032999,USD,1.00,0.00,0.00,0.00,Received 0.00032999 DAI from Coinbase Rewards
2021-03-28T10:10:13Z,Rewards Income,DAI,0.00033001,USD,1.00,0.00,0.00,0.00,Received 0.00033001 DAI from Coinbase Rewards
2021-03-29T09:08:30Z,Rewards Income,DAI,0.00033003,USD,1.00,0.00,0.00,0.00,Received 0.00033003 DAI from Coinbase Rewards
2021-03-30T10:40:17Z,Rewards Income,DAI,0.00033004,USD,1.00,0.00,0.00,0.00,Received 0.00033004 DAI from Coinbase Rewards
2021-03-31T08:36:18Z,Rewards Income,DAI,0.00033006,USD,1.00,0.00,0.00,0.00,Received 0.00033006 DAI from Coinbase Rewards
2021-04-01T08:35:51Z,Rewards Income,DAI,0.00033008,USD,1.00,0.00,0.00,0.00,Received 0.00033008 DAI from Coinbase Rewards
2021-04-02T12:28:46Z,Rewards Income,DAI,0.0003301,USD,1.00,0.00,0.00,0.00,Received 0.0003301 DAI from Coinbase Rewards
2021-04-03T09:49:34Z,Rewards Income,DAI,0.00033011,USD,1.00,0.00,0.00,0.00,Received 0.00033011 DAI from Coinbase Rewards
2021-04-04T11:02:07Z,Rewards Income,DAI,0.00033013,USD,1.00,0.00,0.00,0.00,Received 0.00033013 DAI from Coinbase Rewards
2021-04-05T09:54:28Z,Rewards Income,DAI,0.00033015,USD,1.00,0.00,0.00,0.00,Received 0.00033015 DAI from Coinbase Rewards
2021-04-06T09:04:35Z,Rewards Income,DAI,0.00033017,USD,1.00,0.00,0.00,0.00,Received 0.00033017 DAI from Coinbase Rewards
2021-04-07T08:28:54Z,Rewards Income,DAI,0.00033018,USD,1.00,0.00,0.00,0.00,Received 0.00033018 DAI from Coinbase Rewards
2021-04-08T09:46:16Z,Rewards Income,DAI,0.0003302,USD,1.00,0.00,0.00,0.00,Received 0.0003302 DAI from Coinbase Rewards
2021-04-09T07:52:12Z,Rewards Income,DAI,0.00033022,USD,1.00,0.00,0.00,0.00,Received 0.00033022 DAI from Coinbase Rewards
2021-04-10T09:59:09Z,Rewards Income,DAI,0.00033024,USD,1.00,0.00,0.00,0.00,Received 0.00033024 DAI from Coinbase Rewards
2021-04-11T07:59:48Z,Rewards Income,DAI,0.00033026,USD,1.00,0.00,0.00,0.00,Received 0.00033026 DAI from Coinbase Rewards
2021-04-12T08:06:36Z,Rewards Income,DAI,0.00033028,USD,1.00,0.00,0.00,0.00,Received 0.00033028 DAI from Coinbase Rewards
2021-04-13T08:30:21Z,Rewards Income,DAI,0.00033029,USD,1.00,0.00,0.00,0.00,Received 0.00033029 DAI from Coinbase Rewards
2021-04-14T09:22:52Z,Rewards Income,DAI,0.00033031,USD,1.00,0.00,0.00,0.00,Received 0.00033031 DAI from Coinbase Rewards
2021-04-15T09:48:29Z,Rewards Income,DAI,0.00033033,USD,1.00,0.00,0.00,0.00,Received 0.00033033 DAI from Coinbase Rewards
2021-04-16T08:22:39Z,Rewards Income,DAI,0.00033035,USD,1.00,0.00,0.00,0.00,Received 0.00033035 DAI from Coinbase Rewards
2021-04-17T09:27:49Z,Rewards Income,DAI,0.00033037,USD,1.00,0.00,0.00,0.00,Received 0.00033037 DAI from Coinbase Rewards
2021-04-18T08:53:14Z,Rewards Income,DAI,0.00033038,USD,1.00,0.00,0.00,0.00,Received 0.00033038 DAI from Coinbase Rewards
2021-04-19T07:40:14Z,Rewards Income,DAI,0.0003304,USD,1.00,0.00,0.00,0.00,Received 0.0003304 DAI from Coinbase Rewards
2021-04-20T08:48:25Z,Rewards Income,DAI,0.00033042,USD,1.00,0.00,0.00,0.00,Received 0.00033042 DAI from Coinbase Rewards
2021-04-21T10:49:59Z,Rewards Income,DAI,0.00033044,USD,1.00,0.00,0.00,0.00,Received 0.00033044 DAI from Coinbase Rewards
2021-04-22T11:03:27Z,Rewards Income,DAI,0.00033045,USD,1.00,0.00,0.00,0.00,Received 0.00033045 DAI from Coinbase Rewards
2021-04-23T09:56:48Z,Rewards Income,DAI,0.00033047,USD,1.00,0.00,0.00,0.00,Received 0.00033047 DAI from Coinbase Rewards
2021-04-24T08:53:02Z,Rewards Income,DAI,0.00033049,USD,1.00,0.00,0.00,0.00,Received 0.00033049 DAI from Coinbase Rewards
2021-04-25T08:19:57Z,Rewards Income,DAI,0.00033051,USD,1.00,0.00,0.00,0.00,Received 0.00033051 DAI from Coinbase Rewards
2021-04-26T09:19:13Z,Rewards Income,DAI,0.00033052,USD,1.00,0.00,0.00,0.00,Received 0.00033052 DAI from Coinbase Rewards
2021-04-27T07:34:33Z,Rewards Income,DAI,0.00033054,USD,1.00,0.00,0.00,0.00,Received 0.00033054 DAI from Coinbase Rewards
2021-04-28T07:32:27Z,Rewards Income,DAI,0.00033056,USD,1.00,0.00,0.00,0.00,Received 0.00033056 DAI from Coinbase Rewards
2021-04-29T08:59:37Z,Rewards Income,DAI,0.00033058,USD,1.00,0.00,0.00,0.00,Received 0.00033058 DAI from Coinbase Rewards
2021-04-30T10:50:03Z,Rewards Income,DAI,0.0003306,USD,1.00,0.00,0.00,0.00,Received 0.0003306 DAI from Coinbase Rewards
2021-05-01T07:40:55Z,Rewards Income,DAI,0.00033062,USD,1.00,0.00,0.00,0.00,Received 0.00033062 DAI from Coinbase Rewards
2021-05-02T09:08:31Z,Rewards Income,DAI,0.00033063,USD,1.00,0.00,0.00,0.00,Received 0.00033063 DAI from Coinbase Rewards
2021-05-03T08:06:33Z,Rewards Income,DAI,0.00033065,USD,1.00,0.00,0.00,0.00,Received 0.00033065 DAI from Coinbase Rewards
2021-05-04T10:04:37Z,Rewards Income,DAI,0.00033067,USD,1.00,0.00,0.00,0.00,Received 0.00033067 DAI from Coinbase Rewards
2021-05-05T08:14:56Z,Rewards Income,DAI,0.00033069,USD,1.00,0.00,0.00,0.00,Received 0.00033069 DAI from Coinbase Rewards
2021-05-06T10:41:18Z,Rewards Income,DAI,0.00033071,USD,1.00,0.00,0.00,0.00,Received 0.00033071 DAI from Coinbase Rewards
2021-05-07T08:09:35Z,Rewards Income,DAI,0.00033072,USD,1.00,0.00,0.00,0.00,Received 0.00033072 DAI from Coinbase Rewards
2021-05-08T08:15:23Z,Rewards Income,DAI,0.00033074,USD,1.00,0.00,0.00,0.00,Received 0.00033074 DAI from Coinbase Rewards
2021-05-09T10:55:42Z,Rewards Income,DAI,0.00033076,USD,1.00,0.00,0.00,0.00,Received 0.00033076 DAI from Coinbase Rewards
2021-05-10T10:50:50Z,Rewards Income,DAI,0.00033078,USD,1.00,0.00,0.00,0.00,Received 0.00033078 DAI from Coinbase Rewards
2021-05-11T10:34:28Z,Rewards Income,DAI,0.00033079,USD,1.00,0.00,0.00,0.00,Received 0.00033079 DAI from Coinbase Rewards
2021-05-12T11:24:03Z,Rewards Income,DAI,0.00033081,USD,1.00,0.00,0.00,0.00,Received 0.00033081 DAI from Coinbase Rewards
2021-05-13T10:31:25Z,Rewards Income,DAI,0.00033083,USD,1.00,0.00,0.00,0.00,Received 0.00033083 DAI from Coinbase Rewards
2021-05-14T10:40:06Z,Rewards Income,DAI,0.00033085,USD,1.00,0.00,0.00,0.00,Received 0.00033085 DAI from Coinbase Rewards
2021-05-15T07:49:05Z,Rewards Income,DAI,0.00033087,USD,1.00,0.00,0.00,0.00,Received 0.00033087 DAI from Coinbase Rewards
2021-05-16T09:06:43Z,Rewards Income,DAI,0.00033088,USD,1.00,0.00,0.00,0.00,Received 0.00033088 DAI from Coinbase Rewards
2021-05-17T10:48:40Z,Rewards Income,DAI,0.0003309,USD,1.00,0.00,0.00,0.00,Received 0.0003309 DAI from Coinbase Rewards
2021-05-18T07:51:59Z,Rewards Income,DAI,0.00033092,USD,1.00,0.00,0.00,0.00,Received 0.00033092 DAI from Coinbase Rewards
2021-05-19T10:27:11Z,Rewards Income,DAI,0.00033094,USD,1.00,0.00,0.00,0.00,Received 0.00033094 DAI from Coinbase Rewards
2021-05-20T08:16:26Z,Rewards Income,DAI,0.00033096,USD,1.00,0.00,0.00,0.00,Received 0.00033096 DAI from Coinbase Rewards
2021-05-21T10:45:18Z,Rewards Income,DAI,0.00033097,USD,1.00,0.00,0.00,0.00,Received 0.00033097 DAI from Coinbase Rewards
2021-05-22T10:16:37Z,Rewards Income,DAI,0.00033099,USD,1.00,0.00,0.00,0.00,Received 0.00033099 DAI from Coinbase Rewards
2021-05-23T11:00:31Z,Rewards Income,DAI,0.00033101,USD,1.00,0.00,0.00,0.00,Received 0.00033101 DAI from Coinbase Rewards
2021-05-24T08:50:07Z,Rewards Income,DAI,0.00033103,USD,1.00,0.00,0.00,0.00,Received 0.00033103 DAI from Coinbase Rewards
2021-05-25T10:19:33Z,Rewards Income,DAI,0.00033105,USD,1.00,0.00,0.00,0.00,Received 0.00033105 DAI from Coinbase Rewards
2021-05-26T11:30:35Z,Rewards Income,DAI,0.00033106,USD,1.00,0.00,0.00,0.00,Received 0.00033106 DAI from Coinbase Rewards
2021-05-27T07:44:45Z,Rewards Income,DAI,0.00033108,USD,1.00,0.00,0.00,0.00,Received 0.00033108 DAI from Coinbase Rewards
2021-05-28T09:27:44Z,Rewards Income,DAI,0.0003311,USD,1.00,0.00,0.00,0.00,Received 0.0003311 DAI from Coinbase Rewards
2021-05-29T09:04:17Z,Rewards Income,DAI,0.00033112,USD,1.00,0.00,0.00,0.00,Received 0.00033112 DAI from Coinbase Rewards
2021-05-30T11:21:51Z,Rewards Income,DAI,0.00033114,USD,1.00,0.00,0.00,0.00,Received 0.00033114 DAI from Coinbase Rewards
2021-05-31T11:46:28Z,Rewards Income,DAI,0.00033115,USD,1.00,0.00,0.00,0.00,Received 0.00033115 DAI from Coinbase Rewards
2021-06-01T10:32:22Z,Rewards Income,DAI,0.00033117,USD,1.00,0.00,0.00,0.00,Received 0.00033117 DAI from Coinbase Rewards
2021-06-02T11:21:08Z,Rewards Income,DAI,0.00033119,USD,1.00,0.00,0.00,0.00,Received 0.00033119 DAI from Coinbase Rewards
2021-06-03T10:03:39Z,Rewards Income,DAI,0.00033121,USD,1.00,0.00,0.00,0.00,Received 0.00033121 DAI from Coinbase Rewards
2021-06-04T11:25:58Z,Rewards Income,DAI,0.00033122,USD,1.00,0.00,0.00,0.00,Received 0.00033122 DAI from Coinbase Rewards
2021-06-05T11:05:33Z,Rewards Income,DAI,0.00033124,USD,1.00,0.00,0.00,0.00,Received 0.00033124 DAI from Coinbase Rewards
2021-06-06T09:11:28Z,Rewards Income,DAI,0.00033126,USD,1.00,0.00,0.00,0.00,Received 0.00033126 DAI from Coinbase Rewards
2021-06-07T11:15:58Z,Rewards Income,DAI,0.00033128,USD,1.00,0.00,0.00,0.00,Received 0.00033128 DAI from Coinbase Rewards
2021-06-08T10:48:29Z,Rewards Income,DAI,0.0003313,USD,1.00,0.00,0.00,0.00,Received 0.0003313 DAI from Coinbase Rewards
2021-06-09T09:21:37Z,Rewards Income,DAI,0.00033131,USD,1.00,0.00,0.00,0.00,Received 0.00033131 DAI from Coinbase Rewards
2021-06-10T11:12:42Z,Rewards Income,DAI,0.00033133,USD,1.00,0.00,0.00,0.00,Received 0.00033133 DAI from Coinbase Rewards
2021-06-11T10:03:50Z,Rewards Income,DAI,0.00033135,USD,1.00,0.00,0.00,0.00,Received 0.00033135 DAI from Coinbase Rewards
2021-06-12T11:17:01Z,Rewards Income,DAI,0.00033137,USD,1.00,0.00,0.00,0.00,Received 0.00033137 DAI from Coinbase Rewards
2021-06-13T08:13:15Z,Rewards Income,DAI,0.00033139,USD,1.00,0.00,0.00,0.00,Received 0.00033139 DAI from Coinbase Rewards
2021-06-14T10:24:50Z,Rewards Income,DAI,0.00033141,USD,1.00,0.00,0.00,0.00,Received 0.00033141 DAI from Coinbase Rewards
2021-06-15T11:46:45Z,Rewards Income,DAI,0.00033142,USD,1.00,0.00,0.00,0.00,Received 0.00033142 DAI from Coinbase Rewards
2021-06-16T08:05:13Z,Rewards Income,DAI,0.00033144,USD,1.00,0.00,0.00,0.00,Received 0.00033144 DAI from Coinbase Rewards
2021-06-17T07:36:51Z,Rewards Income,DAI,0.00033146,USD,1.00,0.00,0.00,0.00,Received 0.00033146 DAI from Coinbase Rewards
2021-06-18T10:51:48Z,Rewards Income,DAI,0.00033148,USD,1.00,0.00,0.00,0.00,Received 0.00033148 DAI from Coinbase Rewards
2021-06-19T08:31:17Z,Rewards Income,DAI,0.00033149,USD,1.00,0.00,0.00,0.00,Received 0.00033149 DAI from Coinbase Rewards
2021-06-20T11:26:41Z,Rewards Income,DAI,0.00033151,USD,1.00,0.00,0.00,0.00,Received 0.00033151 DAI from Coinbase Rewards
2021-06-21T08:18:15Z,Rewards Income,DAI,0.00033153,USD,1.00,0.00,0.00,0.00,Received 0.00033153 DAI from Coinbase Rewards
2021-06-22T10:02:20Z,Rewards Income,DAI,0.00033155,USD,1.00,0.00,0.00,0.00,Received 0.00033155 DAI from Coinbase Rewards
2021-06-23T10:03:27Z,Rewards Income,DAI,0.00033157,USD,1.00,0.00,0.00,0.00,Received 0.00033157 DAI from Coinbase Rewards
2021-06-24T08:37:12Z,Rewards Income,DAI,0.00033159,USD,1.00,0.00,0.00,0.00,Received 0.00033159 DAI from Coinbase Rewards
2021-06-25T09:02:21Z,Rewards Income,DAI,0.0003316,USD,1.00,0.00,0.00,0.00,Received 0.0003316 DAI from Coinbase Rewards
2021-06-26T07:59:38Z,Rewards Income,DAI,0.00033162,USD,1.00,0.00,0.00,0.00,Received 0.00033162 DAI from Coinbase Rewards
2021-06-27T11:25:03Z,Rewards Income,DAI,0.00033164,USD,1.00,0.00,0.00,0.00,Received 0.00033164 DAI from Coinbase Rewards
2021-06-28T08:17:25Z,Rewards Income,DAI,0.00033166,USD,1.00,0.00,0.00,0.00,Received 0.00033166 DAI from Coinbase Rewards
2021-06-29T08:49:57Z,Rewards Income,DAI,0.00033168,USD,1.00,0.00,0.00,0.00,Received 0.00033168 DAI from Coinbase Rewards
2021-06-30T11:32:18Z,Rewards Income,DAI,0.00033169,USD,1.00,0.00,0.00,0.00,Received 0.00033169 DAI from Coinbase Rewards
2021-07-01T10:15:46Z,Rewards Income,DAI,0.00033171,USD,1.00,0.00,0.00,0.00,Received 0.00033171 DAI from Coinbase Rewards
2021-07-02T09:09:46Z,Rewards Income,DAI,0.00015118,USD,1.00,0.00,0.00,0.00,Received 0.00015118 DAI from Coinbase Rewards
2021-01-30T18:01:59Z,Send,XRP,888.770891,USD,0.400000,"","","",Sent 888.770891 XRP to rLHzPsX6oXkzU2qL12kHCH8G8cnZv1rBJh (3266267558)
2021-03-14T12:15:45Z,Coinbase Earn,NMR,0.02336678,USD,43.19,1.01,1.01,0.00,Received 0.02336678 NMR from Coinbase Earn
2021-03-14T12:16:28Z,Coinbase Earn,NMR,0.02336678,USD,42.84,1.00,1.00,0.00,Received 0.02336678 NMR from Coinbase Earn
2021-03-14T12:17:01Z,Coinbase Earn,NMR,0.02335821,USD,42.84,1.00,1.00,0.00,Received 0.02335821 NMR from Coinbase Earn
2021-07-26T01:43:45Z,Coinbase Earn,BAL,0.04953661,USD,20.16,1.00,1.00,0.00,Received 0.04953661 BAL from Coinbase Earn
2021-07-26T01:44:30Z,Coinbase Earn,BAL,0.04953661,USD,20.20,1.00,1.00,0.00,Received 0.04953661 BAL from Coinbase Earn
2021-07-26T01:45:46Z,Coinbase Earn,BAL,0.04959046,USD,20.14,1.00,1.00,0.00,Received 0.04959046 BAL from Coinbase Earn
2021-01-29T00:36:46Z,Coinbase Earn,NU,4.41111601,USD,0.230000,1.01,1.01,0.00,Received 4.41111601 NU from Coinbase Earn
2021-01-29T00:37:39Z,Coinbase Earn,NU,4.41111601,USD,0.230000,1.01,1.01,0.00,Received 4.41111601 NU from Coinbase Earn
2021-01-29T00:38:50Z,Coinbase Earn,NU,4.42086649,USD,0.230000,1.02,1.02,0.00,Received 4.42086649 NU from Coinbase Earn
2021-07-26T01:49:47Z,Coinbase Earn,GRT,1.75284838,USD,0.570000,1.00,1.00,0.00,Received 1.75284838 GRT from Coinbase Earn
2021-04-28T17:40:39Z,Coinbase Earn,FORTH,0.0310984,USD,32.27,1.00,1.00,0.00,Received 0.0310984 FORTH from Coinbase Earn
2021-04-28T17:41:01Z,Coinbase Earn,FORTH,0.0310984,USD,32.27,1.00,1.00,0.00,Received 0.0310984 FORTH from Coinbase Earn
2021-04-28T17:41:34Z,Coinbase Earn,FORTH,0.03094442,USD,32.42,1.00,1.00,0.00,Received 0.03094442 FORTH from Coinbase Earn
2021-11-19T11:55:22Z,Coinbase Earn,MLN,0.00930769,USD,107.52,1.00,1.00,0.00,Received 0.00930769 MLN from Coinbase Earn
2021-11-19T11:56:35Z,Coinbase Earn,MLN,0.00930769,USD,107.52,1.00,1.00,0.00,Received 0.00930769 MLN from Coinbase Earn
2021-11-19T11:57:10Z,Coinbase Earn,MLN,0.00930769,USD,107.52,1.00,1.00,0.00,Received 0.00930769 MLN from Coinbase Earn
2021-06-23T14:10:53Z,Coinbase Earn,AMP,15.59819061,USD,0.060000,0.940000,0.940000,0.00,Received 15.59819061 AMP from Coinbase Earn
2021-06-23T14:11:16Z,Coinbase Earn,AMP,15.59819061,USD,0.060000,0.940000,0.940000,0.00,Received 15.59819061 AMP from Coinbase Earn
2021-06-23T14:12:27Z,Coinbase Earn,AMP,15.67889621,USD,0.060000,0.940000,0.940000,0.00,Received 15.67889621 AMP from Coinbase Earn
2021-07-04T23:43:44Z,Coinbase Earn,BOND,0.02673083,USD,37.50,1.00,1.00,0.00,Received 0.02673083 BOND from Coinbase Earn
2021-07-04T23:44:28Z,Coinbase Earn,BOND,0.02674512,USD,37.45,1.00,1.00,0.00,Received 0.02674512 BOND from Coinbase Earn
2021-07-04T23:44:48Z,Coinbase Earn,BOND,0.02675228,USD,37.45,1.00,1.00,0.00,Received 0.02675228 BOND from Coinbase Earn
2021-07-26T01:47:43Z,Coinbase Earn,CLV,0.82644628,USD,1.22,1.01,1.01,0.00,Received 0.82644628 CLV from Coinbase Earn
2021-07-26T01:48:18Z,Coinbase Earn,CLV,0.82644628,USD,1.22,1.01,1.01,0.00,Received 0.82644628 CLV from Coinbase Earn
2021-07-26T01:48:43Z,Coinbase Earn,CLV,0.82644628,USD,1.22,1.01,1.01,0.00,Received 0.82644628 CLV from Coinbase Earn
2021-10-14T00:31:59Z,Coinbase Earn,FET,1.37627305,USD,0.730000,1.00,1.00,0.00,Received 1.37627305 FET from Coinbase Earn
2021-10-14T00:32:35Z,Coinbase Earn,FET,1.37627305,USD,0.730000,1.00,1.00,0.00,Received 1.37627305 FET from Coinbase Earn
2021-10-14T00:33:13Z,Coinbase Earn,FET,1.37779002,USD,0.730000,1.01,1.01,0.00,Received 1.37779002 FET from Coinbase Earn
2021-12-09T14:17:41Z,Coinbase Earn,IOTX,5.6863414,USD,0.170000,0.970000,0.970000,0.00,Received 5.6863414 IOTX from Coinbase Earn
2021-12-09T14:18:13Z,Coinbase Earn,IOTX,5.68650308,USD,0.170000,0.970000,0.970000,0.00,Received 5.68650308 IOTX from Coinbase Earn
2021-12-09T14:18:45Z,Coinbase Earn,IOTX,5.68165677,USD,0.170000,0.970000,0.970000,0.00,Received 5.68165677 IOTX from Coinbase Earn
2021-11-18T02:41:41Z,Coinbase Earn,AUCTION,0.03081664,USD,32.49,1.00,1.00,0.00,Received 0.03081664 AUCTION from Coinbase Earn
2021-11-18T02:42:27Z,Coinbase Earn,AUCTION,0.03081664,USD,32.50,1.00,1.00,0.00,Received 0.03081664 AUCTION from Coinbase Earn
2021-11-18T02:43:02Z,Coinbase Earn,AUCTION,0.03079766,USD,32.50,1.00,1.00,0.00,Received 0.03079766 AUCTION from Coinbase Earn
